PI Name,Email,Department,Lab,Phone,Office
Dr. Alice Smith,alice.smith@university.edu,Biology,Smith Lab - Cell Biology,555-0101,Biology 101
Dr. Bob Jones,bob.jones@university.edu,Molecular Medicine,Jones Lab - Cancer Research,555-0102,Medical Sciences 205
Dr. Carol Williams,carol.williams@university.edu,Chemistry,Williams Lab - Protein Chemistry,555-0103,Chemistry 310
Dr. David Brown,david.brown@university.edu,Materials Science,Brown Lab - Nanomaterials,555-0104,Materials Science 150
Dr. Emily Davis,emily.davis@university.edu,Chemistry,Davis Lab - Structural Chemistry,555-0105,Chemistry 220
Dr. Frank Miller,frank.miller@university.edu,Neuroscience,Miller Lab - Systems Neuroscience,555-0106,Neuroscience 412
Dr. Grace Wilson,grace.wilson@university.edu,Immunology,Wilson Lab - Adaptive Immunity,555-0107,Immunology 305
